URL,发送量,IP,IP归属地
bocup.cn/re4eu,8,43.248.10.11,香港--香港特别行政区--Hong Kong Internet Exchange
agagn.com,6,192.151.150.180,美国----
cdjdss.cn/df4gh,31,43.248.10.11,香港--香港特别行政区--Hong Kong Internet Exchange
wap.szioa.me/iq,0,45.113.161.201,香港--香港特别行政区--Hong Kong Internet Exchange
ncces.cn/cvdfgv,1,43.248.10.11,香港--香港特别行政区--Hong Kong Internet Exchange
http://portal.smu.edu.cn/yzw/sszs/2016-03-28/68030.html?from=singlemessage&isappinstalled=0,sh: data_sort/virus_data/virus_sms.csv: Permission denied
0,222.243.141.224,中国-华中-湖南省-湘潭市-电信
syh007.cn/sdfegt,5,43.248.10.11,香港--香港特别行政区--Hong Kong Internet Exchange
jlbfzl.cn/df4gh,41,43.248.10.11,香港--香港特别行政区--Hong Kong Internet Exchange
wap.ziosq.me/iq,0,,unknow
uognn.com,0,59.188.83.28,香港--香港特别行政区--NEWWORLDTEL
icoolz.cn/re4eu,1313,43.248.10.11,香港--香港特别行政区--Hong Kong Internet Exchange
www.agagm.com,8,192.151.150.180,美国----
bocup.cn/df4gh,394,43.248.10.11,香港--香港特别行政区--Hong Kong Internet Exchange
http://m.amap.com/?name=DW&q=27.7091075,sh: data_sort/virus_data/virus_sms.csv: Permission denied
0,192.151.150.180,美国----
http://s.so.com/J_dRfi,3,175.6.229.76,中国-华中-湖南省-衡阳市-电信
http://s.so.com/J_dcMi,0,175.6.229.75,中国-华中-湖南省-衡阳市-电信
emblog.cn/df4gh,630,43.248.10.11,香港--香港特别行政区--Hong Kong Internet Exchange
www.tjoac.com/y.html,0,59.188.220.155,香港--香港特别行政区--NEWWORLDTEL
rgnin.com,0,59.188.83.28,香港--香港特别行政区--NEWWORLDTEL
www.agagf.com,117,192.151.150.179,美国----
suiieos.com,0,118.193.209.81,香港--香港特别行政区--
icoolz.cn/edrtyh,416,43.248.10.11,香港--香港特别行政区--Hong Kong Internet Exchange
syh007.cn/hjnidi,10,43.248.10.11,香港--香港特别行政区--Hong Kong Internet Exchange
ljq365.cn/jcvfdg,0,,unknow
ncces.cn/hgjy5e,5,43.248.10.11,香港--香港特别行政区--Hong Kong Internet Exchange
hesgn.com,0,59.188.83.28,香港--香港特别行政区--NEWWORLDTEL
pyauto.cn/yj6y6,18,43.248.10.11,香港--香港特别行政区--Hong Kong Internet Exchange
www.cxjfl.com,17,192.151.150.178,美国----
http://s.so.com/J_dKej,0,175.6.229.76,中国-华中-湖南省-衡阳市-电信
tftfp.com,0,192.151.150.180,美国----
sckeg.cn/drfgre,28,43.248.10.11,香港--香港特别行政区--Hong Kong Internet Exchange
kegnn.com,8,59.188.83.28,香港--香港特别行政区--NEWWORLDTEL
www.aeaeu.com,7,192.151.150.179,美国----
aeaed.com,0,192.151.150.180,美国----
www.feheh.com,0,192.151.150.180,美国----
www.fdndn.com,0,192.151.150.180,美国----
gernn.com,18,59.188.83.28,香港--香港特别行政区--NEWWORLDTEL
ruytn.com,0,59.188.83.28,香港--香港特别行政区--NEWWORLDTEL
icoolz.cn/df4gh,33,43.248.10.11,香港--香港特别行政区--Hong Kong Internet Exchange
jlbfzl.cn/drfgre,13,43.248.10.11,香港--香港特别行政区--Hong Kong Internet Exchange
qddtdx.com,0,192.151.150.180,美国----
jlbfzl.cn/cxgry,17,43.248.10.11,香港--香港特别行政区--Hong Kong Internet Exchange
xuaet.pw/ss,3,174.139.243.27,美国----
http://s.so.com/J_d3Qk,0,175.6.229.76,中国-华中-湖南省-衡阳市-电信
uesnn.com,0,59.188.83.28,香港--香港特别行政区--NEWWORLDTEL
t.cn/R6hSZF8,0,58.64.156.135,香港--香港特别行政区--NEWWORLDTEL
emblog.cn/fgh5r,6,43.248.10.11,香港--香港特别行政区--Hong Kong Internet Exchange
yyuandb.cn/yj6y6,10,45.250.199.247,香港--香港特别行政区--china Telecom
emblog.cn/drfgre,6,43.248.10.11,香港--香港特别行政区--Hong Kong Internet Exchange
www.agagd.com,85,192.151.150.179,美国----
glorycf.cn/edrtyh,8,43.248.10.11,香港--香港特别行政区--Hong Kong Internet Exchange
http://yixin.im/yq,55,222.243.141.224,中国-华中-湖南省-湘潭市-电信
sckeg.cn/re4eu,57,43.248.10.11,香港--香港特别行政区--Hong Kong Internet Exchange
cdjdss.cn/fiornh,76,43.248.10.11,香港--香港特别行政区--Hong Kong Internet Exchange
http://s.so.com/J_dank,0,175.6.229.75,中国-华中-湖南省-衡阳市-电信
gh0.cn/hhV,167,192.151.150.179,美国----
http://s.so.com/J_dVWi,0,175.6.229.76,中国-华中-湖南省-衡阳市-电信
ncces.cn/hjnidi,6,43.248.10.11,香港--香港特别行政区--Hong Kong Internet Exchange
jlbfzl.cn/yj6y6,47,43.248.10.11,香港--香港特别行政区--Hong Kong Internet Exchange
icoolz.cn/yj6y6,737,43.248.10.11,香港--香港特别行政区--Hong Kong Internet Exchange
laos.saqmua.me/sl,0,,unknow
http://web.qun.qq.com/mannounce/detail.html?_bid=148&_wv=1031,sh: data_sort/virus_data/virus_sms.csv: Permission denied
0,175.6.229.75,中国-华中-湖南省-衡阳市-电信
cdjdss.cn/yj6y6,9,43.248.10.11,香港--香港特别行政区--Hong Kong Internet Exchange
syh007.cn/jhytte5,14,43.248.10.11,香港--香港特别行政区--Hong Kong Internet Exchange
http://s.so.com/J_dBNk,0,175.6.229.75,中国-华中-湖南省-衡阳市-电信
pandavs.cc,0,121.127.232.126,香港--香港特别行政区--Hong Kong Internet Exchange
http://s.so.com/J_d9kn,0,175.6.229.75,中国-华中-湖南省-衡阳市-电信
ylspa.cn/yj6y6,28,45.250.199.247,香港--香港特别行政区--china Telecom
jlbfzl.cn/bhgtde,15,43.248.10.11,香港--香港特别行政区--Hong Kong Internet Exchange
http://s.so.com/J_d5jj,0,175.6.229.76,中国-华中-湖南省-衡阳市-电信
http://isjb.cn/NnY3Z33,2,222.245.78.14,中国-华中-湖南省-邵阳市-电信
icoolz.cn/drfgre,8,43.248.10.11,香港--香港特别行政区--Hong Kong Internet Exchange
gh0.cn/hhh,412,192.151.150.179,美国----
http://s.so.com/J_dXsk,0,175.6.229.76,中国-华中-湖南省-衡阳市-电信
jlbfzl.cn/yloinb,3,43.248.10.11,香港--香港特别行政区--Hong Kong Internet Exchange
www.zxrxr.com,0,,unknow
http://s.so.com/J_dsHi,0,175.6.229.75,中国-华中-湖南省-衡阳市-电信
http://s.so.com/J_dGfj,0,175.6.229.76,中国-华中-湖南省-衡阳市-电信
emblog.cn/edrtyh,234,,unknow
emblog.cn/cxgry,55,43.248.10.11,香港--香港特别行政区--Hong Kong Internet Exchange
cdjdss.cn/re4eu,144,43.248.10.11,香港--香港特别行政区--Hong Kong Internet Exchange
emblog.cn/jhytte5,16,43.248.10.11,香港--香港特别行政区--Hong Kong Internet Exchange
bocup.cn/yj6y6,125,43.248.10.11,香港--香港特别行政区--Hong Kong Internet Exchange
ljq365.cn/hgjy5e,0,45.250.199.247,香港--香港特别行政区--china Telecom
cxkjl.com/8S,66,192.151.150.182,美国----
icoolz.cn/cxgry,99,43.248.10.11,香港--香港特别行政区--Hong Kong Internet Exchange
xuaet.pw/aa,0,174.139.243.27,美国----
www.fdpdp.com,0,192.151.150.180,美国----
www.zwnwn.com,0,192.151.150.180,美国----
http://s.so.com/J_d6ni,3,175.6.229.76,中国-华中-湖南省-衡阳市-电信
syh007.cn/gfhnbt,4,43.248.10.11,香港--香港特别行政区--Hong Kong Internet Exchange
http://s.so.com/J_dLDi,0,175.6.229.75,中国-华中-湖南省-衡阳市-电信
ljq365.cn/vcbtge,0,45.250.199.247,香港--香港特别行政区--china Telecom
http://s.so.com/J_dWWi,0,175.6.229.75,中国-华中-湖南省-衡阳市-电信
emblog.cn/re4eu,10,43.248.10.11,香港--香港特别行政区--Hong Kong Internet Exchange
www.fdvdv.com/u/,0,192.151.150.180,美国----
http://s.so.com/J_d2Cm,0,175.6.229.76,中国-华中-湖南省-衡阳市-电信
bocup.cn/cxgry,22,43.248.10.11,香港--香港特别行政区--Hong Kong Internet Exchange
bocup.cn/edrtyh,143,43.248.10.11,香港--香港特别行政区--Hong Kong Internet Exchange
http://mq.3g.qq.com/g/s?aid=mqq&c,sh: c: command not found
0,192.151.150.180,美国----
jhmnbt.com/cf,0,45.113.161.135,香港--香港特别行政区--Hong Kong Internet Exchange
http://s.so.com/J_daKk,0,175.6.229.75,中国-华中-湖南省-衡阳市-电信
www.zvkvk.com,0,192.151.150.180,美国----
http://s.so.com/J_ddMn,0,175.6.229.76,中国-华中-湖南省-衡阳市-电信
www.zvlvl.com,0,192.151.150.180,美国----
http://s.so.com/J_dkfn,0,175.6.229.76,中国-华中-湖南省-衡阳市-电信
rognn.com,4,59.188.83.28,香港--香港特别行政区--NEWWORLDTEL
http://s.so.com/J_dPqh,4,175.6.229.75,中国-华中-湖南省-衡阳市-电信
sckeg.cn/df4gh,9,43.248.10.11,香港--香港特别行政区--Hong Kong Internet Exchange
hbgjswLy.com,4,144.48.240.219,香港--香港特别行政区--china Telecom
www.tkjsyq.com,0,192.151.150.180,美国----
jlbfzl.cn/edrtyh,89,43.248.10.11,香港--香港特别行政区--Hong Kong Internet Exchange
http://s.so.com/J_dGUk,0,175.6.229.75,中国-华中-湖南省-衡阳市-电信
icoolz.cn/jhytte5,171,43.248.10.11,香港--香港特别行政区--Hong Kong Internet Exchange
http://s.so.com/J_dCui,0,175.6.229.75,中国-华中-湖南省-衡阳市-电信
ljq365.cn/fgbhrr,0,45.250.199.247,香港--香港特别行政区--china Telecom
http://s.so.com/J_dRXj,0,175.6.229.75,中国-华中-湖南省-衡阳市-电信
cdjdss.cn/jhytte5,18,43.248.10.11,香港--香港特别行政区--Hong Kong Internet Exchange
sdkfs516.info/,0,,unknow
emblog.cn/yj6y6,5,43.248.10.11,香港--香港特别行政区--Hong Kong Internet Exchange
www.feqeq.com,0,192.151.150.180,美国----
http://s.so.com/J_dZKi,0,175.6.229.75,中国-华中-湖南省-衡阳市-电信
http://mp.weixin.qq.com/s/lST5t4kA8Tn7HvS2XoS_lA,35,,unknow
www.afafl.com,24,192.151.150.179,美国----
http://www.fdvdv.com/u/,0,192.151.150.180,美国----
www.zylyl.com/j.htm,0,192.151.150.180,美国----
pyauto.cn/re4eu,10,103.211.125.160,香港--香港特别行政区--Hong Kong Internet Exchange
sckeg.cn/yj6y6,108,43.248.10.11,香港--香港特别行政区--Hong Kong Internet Exchange
www.fdqdq.com,0,192.151.150.180,美国----
http://s.so.com/J_dJin,0,175.6.229.75,中国-华中-湖南省-衡阳市-电信
http://s.so.com/J_d9ri,4,175.6.229.75,中国-华中-湖南省-衡阳市-电信
wap.ziaoq.me/iq,0,45.113.161.201,香港--香港特别行政区--Hong Kong Internet Exchange
utsnn.com,0,59.188.83.28,香港--香港特别行政区--NEWWORLDTEL
icoolz.cn/flfe3y,5,43.248.10.11,香港--香港特别行政区--Hong Kong Internet Exchange
emblog.cn/fiornh,7,43.248.10.11,香港--香港特别行政区--Hong Kong Internet Exchange
xyzyz.pw,0,112.213.124.48,英国----
http://s.so.com/J_dVZm,0,175.6.229.75,中国-华中-湖南省-衡阳市-电信
reetn.com,0,59.188.83.28,香港--香港特别行政区--NEWWORLDTEL
wap.zvca.me/vs,0,,unknow
http://s.so.com/J_dbSn,0,175.6.229.75,中国-华中-湖南省-衡阳市-电信
fgngn.com,0,192.151.150.180,美国----
www.fdrdr.com,0,192.151.150.180,美国----
hiqiu.cc,4,121.127.232.126,香港--香港特别行政区--Hong Kong Internet Exchange
fdldl.com,0,192.151.150.180,美国----
www.gh0.cn/hhh,386,192.151.150.179,美国----
